userid,accountid,transactionid
1603620,1000000,9998887
2812977,1000005,203
915962,1000010,205
3038405,1000015,207
5008540,1000020,209
2526678,1000025,211
3098669,1000030,213
3785973,1000035,215
512792,1000040,217
4534464,1000045,219
7595982,1000050,221
430996,1000055,223
4445192,1000060,225
848136,1000065,227
606422,1000070,229
4180187,1000075,231
6456088,1000080,233
7391028,1000085,235
5178522,1000090,237
8096426,1000095,239
7728700,1000100,241
6926665,1000105,243
2924176,1000110,245
3261522,1000115,247
3694670,1000120,249
1327646,1000125,251
8274177,1000130,253
2149717,1000135,255
984591,1000140,257
3852697,1000145,259
4956450,1000150,261
4217503,1000155,263
4995259,1000160,265
7107738,1000165,267
5436017,1000170,269
1477066,1000175,271
8969483,1000180,273
4847753,1000185,275
8497434,1000190,277
6932317,1000195,279
7318102,1000200,281
595645,1000205,283
7966335,1000210,285
5512321,1000215,287
277555,1000220,289
6766610,1000225,291
392706,1000230,293
3610894,1000235,295
3757144,1000240,297
523905,1000245,299
2365671,1000250,301
7933899,1000255,303
3896049,1000260,305
8400348,1000265,307
3258719,1000270,309
8495316,1000275,311
2397742,1000280,313
2632043,1000285,315
3253458,1000290,317
5551957,1000295,319
7870919,1000300,321
3365033,1000305,323
2092187,1000310,325
1765021,1000315,327
4312867,1000320,329
4151488,1000325,331
1848504,1000330,333
6819460,1000335,335
8048913,1000340,337
7734995,1000345,339
8199111,1000350,341
2270786,1000355,343
3534496,1000360,345
6679261,1000365,347
4746635,1000370,349
6499169,1000375,351
1953640,1000380,353
2878709,1000385,355
6872694,1000390,357
3680420,1000395,359
3479660,1000400,361
8694335,1000405,363
2433764,1000410,365
1906912,1000415,367
1641500,1000420,369
1626407,1000425,371
4662270,1000430,373
4401728,1000435,375
2755209,1000440,377
2424277,1000445,379
7450715,1000450,381
207079,1000455,383
4321038,1000460,385
7539523,1000465,387
2638861,1000470,389
4417302,1000475,391
8056239,1000480,393
834942,1000485,395
4092554,1000490,397
729745,1000495,399
1793842,1000500,401
3291277,1000505,403
1799800,1000510,405
2006434,1000515,407
8564858,1000520,409
3277345,1000525,411
3763150,1000530,413
321953,1000535,415
2528605,1000540,417
876132,1000545,419
7440337,1000550,421
1324563,1000555,423
2030675,1000560,425
6377300,1000565,427
2058014,1000570,429
6485691,1000575,431
5795438,1000580,433
5324853,1000585,435
7239636,1000590,437
6347017,1000595,439
4170841,1000600,441
8079750,1000605,443
7792148,1000610,445
6265528,1000615,447
3464389,1000620,449
2164699,1000625,451
2900961,1000630,453
2634678,1000635,455
7244311,1000640,457
3805057,1000645,459
2674092,1000650,461
3323783,1000655,463
6318002,1000660,465
6262835,1000665,467
2288037,1000670,469
7889411,1000675,471
3564380,1000680,473
7718483,1000685,475
1940597,1000690,477
4842048,1000695,479
6034848,1000700,481
2980519,1000705,483
2458705,1000710,485
2440415,1000715,487
2330038,1000720,489
461863,1000725,491
339586,1000730,493
957065,1000735,495
1113669,1000740,497
2041781,1000745,499
6544976,1000750,501
7463720,1000755,503
7214775,1000760,505
2961813,1000765,507
6321175,1000770,509
6384318,1000775,511
4344929,1000780,513
5300402,1000785,515
1306098,1000790,517
6180656,1000795,519
8134837,1000800,521
8411034,1000805,523
1378911,1000810,525
6073454,1000815,527
3570413,1000820,529
8047064,1000825,531
1296575,1000830,533
5539814,1000835,535
1495092,1000840,537
7323702,1000845,539
5029800,1000850,541
670712,1000855,543
1616702,1000860,545
1172532,1000865,547
406782,1000870,549
5139205,1000875,551
2970528,1000880,553
6441952,1000885,555
512696,1000890,557
4384884,1000895,559
4236603,1000900,561
7118170,1000905,563
5451031,1000910,565
1971479,1000915,567
2321637,1000920,569
3301299,1000925,571
6499366,1000930,573
4866328,1000935,575
8720081,1000940,577
6138520,1000945,579
2515934,1000950,581
7109909,1000955,583
6809727,1000960,585
1575334,1000965,587
6620292,1000970,589
6459593,1000975,591
7806031,1000980,593
8733471,1000985,595
3021701,1000990,597
4018566,1000995,599
